ticket_no,code,qr_file
A0001,2dcW-KwUt-YQVp-aQXm,qrcodes\2dcW-KwUt-YQVp-aQXm_A0001.png
A0002,2jqh-azNc-4qZt-nrkz,qrcodes\2jqh-azNc-4qZt-nrkz_A0002.png
A0003,39zT-HPHb-cSTS-vPet,qrcodes\39zT-HPHb-cSTS-vPet_A0003.png
A0004,3BRZ-RKJK-76jL-juWm,qrcodes\3BRZ-RKJK-76jL-juWm_A0004.png
A0005,3FDN-xmCc-ey3W-fNwV,qrcodes\3FDN-xmCc-ey3W-fNwV_A0005.png
A0006,3MkE-TZY9-pW4W-Ed5E,qrcodes\3MkE-TZY9-pW4W-Ed5E_A0006.png
A0007,3dpu-3ZCu-TKtF-LZ6Q,qrcodes\3dpu-3ZCu-TKtF-LZ6Q_A0007.png
A0008,3wKu-7xPN-FMwJ-wA7w,qrcodes\3wKu-7xPN-FMwJ-wA7w_A0008.png
A0009,4CxE-Z9zP-PGak-EDPg,qrcodes\4CxE-Z9zP-PGak-EDPg_A0009.png
A0010,4Dxa-k7Ff-Bgz3-U2ym,qrcodes\4Dxa-k7Ff-Bgz3-U2ym_A0010.png
A0011,4NbW-tCae-DxMx-prDb,qrcodes\4NbW-tCae-DxMx-prDb_A0011.png
A0012,4n3k-9tXL-VkvD-aSk7,qrcodes\4n3k-9tXL-VkvD-aSk7_A0012.png
A0013,4zar-E2qh-9vTn-qeyu,qrcodes\4zar-E2qh-9vTn-qeyu_A0013.png
A0014,5AV3-aqzW-C6sC-cgCE,qrcodes\5AV3-aqzW-C6sC-cgCE_A0014.png
A0015,5Mpm-JPrz-RsuB-q337,qrcodes\5Mpm-JPrz-RsuB-q337_A0015.png
A0016,5TDa-TyJr-GHnB-ZxEj,qrcodes\5TDa-TyJr-GHnB-ZxEj_A0016.png
A0017,5Xa2-dsjS-6Wx7-PczR,qrcodes\5Xa2-dsjS-6Wx7-PczR_A0017.png
A0018,5wEa-HpAW-YHH3-mmAr,qrcodes\5wEa-HpAW-YHH3-mmAr_A0018.png
A0019,6Csb-f3gW-jJ6s-fvyc,qrcodes\6Csb-f3gW-jJ6s-fvyc_A0019.png
A0020,6Dg4-QZ4V-Lvas-Zz5u,qrcodes\6Dg4-QZ4V-Lvas-Zz5u_A0020.png
A0021,6vGK-vUX6-PcJS-4Rwq,qrcodes\6vGK-vUX6-PcJS-4Rwq_A0021.png
A0022,75sc-pwZK-wA2m-k6jf,qrcodes\75sc-pwZK-wA2m-k6jf_A0022.png
A0023,7aPh-bnLF-wGzf-MCRx,qrcodes\7aPh-bnLF-wGzf-MCRx_A0023.png
A0024,7rmE-MBUK-gPGA-nstw,qrcodes\7rmE-MBUK-gPGA-nstw_A0024.png
A0025,8LKv-ZCYd-P2V9-hezq,qrcodes\8LKv-ZCYd-P2V9-hezq_A0025.png
A0026,8UgS-edtr-b7fV-kcbv,qrcodes\8UgS-edtr-b7fV-kcbv_A0026.png
A0027,8vkt-qaEm-JnWj-P9V4,qrcodes\8vkt-qaEm-JnWj-P9V4_A0027.png
A0028,9Nty-KBHB-TzhG-XN8r,qrcodes\9Nty-KBHB-TzhG-XN8r_A0028.png
A0029,9gdE-cdb5-RBbJ-3K3B,qrcodes\9gdE-cdb5-RBbJ-3K3B_A0029.png
A0030,9k4j-uh9Z-V6ct-7Xts,qrcodes\9k4j-uh9Z-V6ct-7Xts_A0030.png
A0031,9kuR-ZeYN-89Hj-caY7,qrcodes\9kuR-ZeYN-89Hj-caY7_A0031.png
A0032,9xCc-bFdC-bUAa-vsDM,qrcodes\9xCc-bFdC-bUAa-vsDM_A0032.png
A0033,9zss-P5d9-7rmZ-YzEh,qrcodes\9zss-P5d9-7rmZ-YzEh_A0033.png
A0034,A9gf-WeDC-jEAV-Q794,qrcodes\A9gf-WeDC-jEAV-Q794_A0034.png
A0035,ADzW-xjmP-Suqw-x56t,qrcodes\ADzW-xjmP-Suqw-x56t_A0035.png
A0036,AEFR-kyUx-qUL6-w8BJ,qrcodes\AEFR-kyUx-qUL6-w8BJ_A0036.png
A0037,AFT9-Ewqe-GcSb-daM5,qrcodes\AFT9-Ewqe-GcSb-daM5_A0037.png
A0038,AHrG-VEyJ-67fk-3dZ4,qrcodes\AHrG-VEyJ-67fk-3dZ4_A0038.png
A0039,ALts-AyFm-89JV-9Wdb,qrcodes\ALts-AyFm-89JV-9Wdb_A0039.png
A0040,Aa6n-DcSZ-p2jA-7Eex,qrcodes\Aa6n-DcSZ-p2jA-7Eex_A0040.png
A0041,AauZ-9Nkb-Hcr5-wV5T,qrcodes\AauZ-9Nkb-Hcr5-wV5T_A0041.png
A0042,AcUM-b3X9-TwLT-M3BM,qrcodes\AcUM-b3X9-TwLT-M3BM_A0042.png
A0043,AeAJ-cMTR-CbCr-FvvF,qrcodes\AeAJ-cMTR-CbCr-FvvF_A0043.png
A0044,Ap8Y-BDP6-6MSd-NsVA,qrcodes\Ap8Y-BDP6-6MSd-NsVA_A0044.png
A0045,AukA-seGn-XSwA-WvBm,qrcodes\AukA-seGn-XSwA-WvBm_A0045.png
A0046,BK6D-UZRW-Z9jj-5Swg,qrcodes\BK6D-UZRW-Z9jj-5Swg_A0046.png
A0047,BRXE-y6FX-WBwf-3mVg,qrcodes\BRXE-y6FX-WBwf-3mVg_A0047.png
A0048,BfR8-Djw6-x8Bx-qxcZ,qrcodes\BfR8-Djw6-x8Bx-qxcZ_A0048.png
A0049,C4kr-PaSA-r4Y8-efSz,qrcodes\C4kr-PaSA-r4Y8-efSz_A0049.png
A0050,C9MU-k5JX-G79r-QFpY,qrcodes\C9MU-k5JX-G79r-QFpY_A0050.png
A0051,CAHD-MAhG-Cf9C-YmYu,qrcodes\CAHD-MAhG-Cf9C-YmYu_A0051.png
A0052,CEK2-AyfP-ewrj-jEXP,qrcodes\CEK2-AyfP-ewrj-jEXP_A0052.png
A0053,CJNa-QwpY-HuKr-Mv8c,qrcodes\CJNa-QwpY-HuKr-Mv8c_A0053.png
A0054,D4L7-gphU-5XbJ-TUSV,qrcodes\D4L7-gphU-5XbJ-TUSV_A0054.png
A0055,D6eX-33PN-RHCk-56f4,qrcodes\D6eX-33PN-RHCk-56f4_A0055.png
A0056,DBLt-xv4d-LDAW-vFuD,qrcodes\DBLt-xv4d-LDAW-vFuD_A0056.png
A0057,DEVA-taSq-4TgC-dQkk,qrcodes\DEVA-taSq-4TgC-dQkk_A0057.png
A0058,DMmv-TUJA-kuvD-D5TP,qrcodes\DMmv-TUJA-kuvD-D5TP_A0058.png
A0059,DZy5-sfNF-QwXc-SyZM,qrcodes\DZy5-sfNF-QwXc-SyZM_A0059.png
A0060,DmQp-ZRZM-Hv2K-fARj,qrcodes\DmQp-ZRZM-Hv2K-fARj_A0060.png
A0061,EHtn-3Hfy-5tVZ-VA5d,qrcodes\EHtn-3Hfy-5tVZ-VA5d_A0061.png
A0062,EL9Y-ZG5K-vnde-x6T7,qrcodes\EL9Y-ZG5K-vnde-x6T7_A0062.png
A0063,ENVU-DmY6-nFux-X7eM,qrcodes\ENVU-DmY6-nFux-X7eM_A0063.png
A0064,ETRu-S2wJ-WnNb-BV6r,qrcodes\ETRu-S2wJ-WnNb-BV6r_A0064.png
A0065,EdLA-xdRb-NhVg-tvac,qrcodes\EdLA-xdRb-NhVg-tvac_A0065.png
A0066,Ephz-t6mM-t3bf-yHBj,qrcodes\Ephz-t6mM-t3bf-yHBj_A0066.png
A0067,ErKV-geSY-3muW-hfpZ,qrcodes\ErKV-geSY-3muW-hfpZ_A0067.png
A0068,FgUq-fQcy-2rG6-u6wH,qrcodes\FgUq-fQcy-2rG6-u6wH_A0068.png
A0069,Fmqp-Qdsq-ksJh-rhD6,qrcodes\Fmqp-Qdsq-ksJh-rhD6_A0069.png
A0070,Fpy3-M4XC-Mp5g-XMst,qrcodes\Fpy3-M4XC-Mp5g-XMst_A0070.png
A0071,FuJ6-UcHB-p8KB-r3DD,qrcodes\FuJ6-UcHB-p8KB-r3DD_A0071.png
A0072,G4bC-2sGx-kHDb-Zrft,qrcodes\G4bC-2sGx-kHDb-Zrft_A0072.png
A0073,GkZX-LEMc-eDc3-dcSB,qrcodes\GkZX-LEMc-eDc3-dcSB_A0073.png
A0074,H6JK-4rYy-WUfw-F68J,qrcodes\H6JK-4rYy-WUfw-F68J_A0074.png
A0075,H9Zf-aLC3-Bwq7-tLFA,qrcodes\H9Zf-aLC3-Bwq7-tLFA_A0075.png
A0076,Hk84-tQr2-d8QU-wNsr,qrcodes\Hk84-tQr2-d8QU-wNsr_A0076.png
A0077,HkPN-89tR-z8H3-yZnx,qrcodes\HkPN-89tR-z8H3-yZnx_A0077.png
A0078,J2nn-u9Uj-KmSc-X9UU,qrcodes\J2nn-u9Uj-KmSc-X9UU_A0078.png
A0079,J6Mt-A4pV-2ezX-dXkT,qrcodes\J6Mt-A4pV-2ezX-dXkT_A0079.png
A0080,J8P8-9gye-y3UN-CRUJ,qrcodes\J8P8-9gye-y3UN-CRUJ_A0080.png
A0081,JErL-7ubt-kgqX-wjAC,qrcodes\JErL-7ubt-kgqX-wjAC_A0081.png
A0082,JKJJ-ZNTp-fkzY-7GNX,qrcodes\JKJJ-ZNTp-fkzY-7GNX_A0082.png
A0083,JPek-avqY-x6m4-NxaK,qrcodes\JPek-avqY-x6m4-NxaK_A0083.png
A0084,JcKn-ehAb-JM5S-9wZ7,qrcodes\JcKn-ehAb-JM5S-9wZ7_A0084.png
A0085,Jcrb-X32c-gdnN-QWJp,qrcodes\Jcrb-X32c-gdnN-QWJp_A0085.png
A0086,JeL4-PSx4-v6wT-MKhT,qrcodes\JeL4-PSx4-v6wT-MKhT_A0086.png
A0087,Jens-Ef5u-JuQF-4BrC,qrcodes\Jens-Ef5u-JuQF-4BrC_A0087.png
A0088,Jjxg-2TWK-R9M6-QAtj,qrcodes\Jjxg-2TWK-R9M6-QAtj_A0088.png
A0089,JpAC-6tZa-2TBu-vMky,qrcodes\JpAC-6tZa-2TBu-vMky_A0089.png
A0090,JsVs-xdLw-ApXN-5UcH,qrcodes\JsVs-xdLw-ApXN-5UcH_A0090.png
A0091,KVqp-YMxU-YpLd-Sxdn,qrcodes\KVqp-YMxU-YpLd-Sxdn_A0091.png
A0092,KZLd-AwFQ-BxGr-UnHv,qrcodes\KZLd-AwFQ-BxGr-UnHv_A0092.png
A0093,L8Nz-YhWN-jEf3-M8g7,qrcodes\L8Nz-YhWN-jEf3-M8g7_A0093.png
A0094,LYM7-UvMZ-T9nM-FcAX,qrcodes\LYM7-UvMZ-T9nM-FcAX_A0094.png
A0095,Layc-HTPq-ZT55-j6dH,qrcodes\Layc-HTPq-ZT55-j6dH_A0095.png
A0096,LtdV-EWSm-pzfb-jztd,qrcodes\LtdV-EWSm-pzfb-jztd_A0096.png
A0097,ME6V-mDBJ-5xmH-Zn6V,qrcodes\ME6V-mDBJ-5xmH-Zn6V_A0097.png
A0098,MJCk-vspV-qdS9-VZKC,qrcodes\MJCk-vspV-qdS9-VZKC_A0098.png
A0099,MKT7-Suns-tAju-gtnq,qrcodes\MKT7-Suns-tAju-gtnq_A0099.png
A0100,MRHW-HJ7S-zwku-WNLR,qrcodes\MRHW-HJ7S-zwku-WNLR_A0100.png
A0101,Mdjj-NBFh-UQ7V-mRZM,qrcodes\Mdjj-NBFh-UQ7V-mRZM_A0101.png
A0102,MpNc-Ptfr-LmRu-p5Xg,qrcodes\MpNc-Ptfr-LmRu-p5Xg_A0102.png
A0103,Mr88-57zA-ds5X-Lefx,qrcodes\Mr88-57zA-ds5X-Lefx_A0103.png
A0104,MwTc-nuud-Qwtf-FQp8,qrcodes\MwTc-nuud-Qwtf-FQp8_A0104.png
A0105,N3Ps-F6bs-UsXu-u8tn,qrcodes\N3Ps-F6bs-UsXu-u8tn_A0105.png
A0106,NFPJ-f6AQ-HDpx-p3bD,qrcodes\NFPJ-f6AQ-HDpx-p3bD_A0106.png
A0107,NNXv-rmsm-QvMZ-7NXL,qrcodes\NNXv-rmsm-QvMZ-7NXL_A0107.png
A0108,NdJm-zYdb-4Dhk-72BQ,qrcodes\NdJm-zYdb-4Dhk-72BQ_A0108.png
A0109,Nmmq-cpjA-5JbS-km4D,qrcodes\Nmmq-cpjA-5JbS-km4D_A0109.png
A0110,P9qC-Jjmr-Ze7e-rDe3,qrcodes\P9qC-Jjmr-Ze7e-rDe3_A0110.png
A0111,PCaj-vcbP-yEmk-5nBd,qrcodes\PCaj-vcbP-yEmk-5nBd_A0111.png
A0112,Q2zg-zGzT-vXrB-CH9h,qrcodes\Q2zg-zGzT-vXrB-CH9h_A0112.png
A0113,QEhV-sYqu-TW5L-nJZ6,qrcodes\QEhV-sYqu-TW5L-nJZ6_A0113.png
A0114,QEqy-x9eL-MSVV-FbqR,qrcodes\QEqy-x9eL-MSVV-FbqR_A0114.png
A0115,QJ8M-jXVq-uDgx-bNtx,qrcodes\QJ8M-jXVq-uDgx-bNtx_A0115.png
A0116,QMaM-57ZP-C7Wz-uHNX,qrcodes\QMaM-57ZP-C7Wz-uHNX_A0116.png
A0117,QRjZ-MGUL-eRWc-GD6A,qrcodes\QRjZ-MGUL-eRWc-GD6A_A0117.png
A0118,QTqG-raXq-B6cm-M2EF,qrcodes\QTqG-raXq-B6cm-M2EF_A0118.png
A0119,Qgc5-2HRu-ZGUa-gj6u,qrcodes\Qgc5-2HRu-ZGUa-gj6u_A0119.png
A0120,Qp4x-RcC9-uh4g-H5CS,qrcodes\Qp4x-RcC9-uh4g-H5CS_A0120.png
A0121,QrEw-Xxzy-v85P-tbaM,qrcodes\QrEw-Xxzy-v85P-tbaM_A0121.png
A0122,RMGW-sMHK-xYwb-KCXt,qrcodes\RMGW-sMHK-xYwb-KCXt_A0122.png
A0123,RMdZ-aFqc-SDPQ-M8qU,qrcodes\RMdZ-aFqc-SDPQ-M8qU_A0123.png
A0124,RsrT-tLws-BDar-DEKW,qrcodes\RsrT-tLws-BDar-DEKW_A0124.png
A0125,SBs6-8pnk-Db4S-wvXs,qrcodes\SBs6-8pnk-Db4S-wvXs_A0125.png
A0126,SNUG-uG7F-gNzG-gJs6,qrcodes\SNUG-uG7F-gNzG-gJs6_A0126.png
A0127,STn3-ceez-mfGD-Uxtg,qrcodes\STn3-ceez-mfGD-Uxtg_A0127.png
A0128,TARd-MXj6-UU96-9AwD,qrcodes\TARd-MXj6-UU96-9AwD_A0128.png
A0129,TExp-7svG-baYj-Fhtw,qrcodes\TExp-7svG-baYj-Fhtw_A0129.png
A0130,TF8J-sZfY-5fsg-LfB2,qrcodes\TF8J-sZfY-5fsg-LfB2_A0130.png
A0131,TSr6-RpDV-hYfu-594Y,qrcodes\TSr6-RpDV-hYfu-594Y_A0131.png
A0132,TYNC-zz8V-7Mh6-bUZL,qrcodes\TYNC-zz8V-7Mh6-bUZL_A0132.png
A0133,TYY7-W9Th-DfqM-jbHh,qrcodes\TYY7-W9Th-DfqM-jbHh_A0133.png
A0134,U2MZ-Gc6a-snv9-nmnR,qrcodes\U2MZ-Gc6a-snv9-nmnR_A0134.png
A0135,U9KA-n8Qx-LVUY-5jFm,qrcodes\U9KA-n8Qx-LVUY-5jFm_A0135.png
A0136,UANM-GvaB-8csA-RsLU,qrcodes\UANM-GvaB-8csA-RsLU_A0136.png
A0137,UAcw-twdE-tCKS-uzZG,qrcodes\UAcw-twdE-tCKS-uzZG_A0137.png
A0138,UGXu-9beK-4Cn3-F7y4,qrcodes\UGXu-9beK-4Cn3-F7y4_A0138.png
A0139,ULP8-YBAt-2XMA-TSGP,qrcodes\ULP8-YBAt-2XMA-TSGP_A0139.png
A0140,UNTk-dpcT-UWup-UcD8,qrcodes\UNTk-dpcT-UWup-UcD8_A0140.png
A0141,UPRm-RLcc-ZeCV-ndvs,qrcodes\UPRm-RLcc-ZeCV-ndvs_A0141.png
A0142,UWHN-8QUJ-neQu-zALr,qrcodes\UWHN-8QUJ-neQu-zALr_A0142.png
A0143,Uez7-W3w6-VWzp-ndWN,qrcodes\Uez7-W3w6-VWzp-ndWN_A0143.png
A0144,UjHq-EyGq-M4LV-Snn3,qrcodes\UjHq-EyGq-M4LV-Snn3_A0144.png
A0145,Unjx-KJvR-ckAS-kvRZ,qrcodes\Unjx-KJvR-ckAS-kvRZ_A0145.png
A0146,Usam-5pWG-DkXY-KeDx,qrcodes\Usam-5pWG-DkXY-KeDx_A0146.png
A0147,UxZV-efyX-6cRj-jpw7,qrcodes\UxZV-efyX-6cRj-jpw7_A0147.png
A0148,V4CV-qCnU-Wy4K-MUTp,qrcodes\V4CV-qCnU-Wy4K-MUTp_A0148.png
A0149,VDej-epGS-Bsm8-QFxp,qrcodes\VDej-epGS-Bsm8-QFxp_A0149.png
A0150,VNhD-jYxD-4nZp-3reL,qrcodes\VNhD-jYxD-4nZp-3reL_A0150.png
A0151,VZAV-mbA2-KaBz-FXCm,qrcodes\VZAV-mbA2-KaBz-FXCm_A0151.png
A0152,VZxB-XhFw-hVAa-WPQP,qrcodes\VZxB-XhFw-hVAa-WPQP_A0152.png
A0153,WE7t-ZxQC-xFdn-GjQT,qrcodes\WE7t-ZxQC-xFdn-GjQT_A0153.png
A0154,WJWM-w3Qm-7mc2-hFE7,qrcodes\WJWM-w3Qm-7mc2-hFE7_A0154.png
A0155,WNRq-MuT6-pfGz-sRWk,qrcodes\WNRq-MuT6-pfGz-sRWk_A0155.png
A0156,WWYH-NmNc-AHQF-qfAu,qrcodes\WWYH-NmNc-AHQF-qfAu_A0156.png
A0157,WaCq-pRS4-pBKn-CbwF,qrcodes\WaCq-pRS4-pBKn-CbwF_A0157.png
A0158,WdMk-FmSF-MLpG-6f8C,qrcodes\WdMk-FmSF-MLpG-6f8C_A0158.png
A0159,Wqaz-XTdp-guR2-vd4S,qrcodes\Wqaz-XTdp-guR2-vd4S_A0159.png
A0160,Wxu3-BunQ-jt5E-ACKq,qrcodes\Wxu3-BunQ-jt5E-ACKq_A0160.png
A0161,Xdwx-K8By-RwQ2-B9wx,qrcodes\Xdwx-K8By-RwQ2-B9wx_A0161.png
A0162,XpUA-zcnR-6PDb-uJCn,qrcodes\XpUA-zcnR-6PDb-uJCn_A0162.png
A0163,Xz8J-XZZ7-MBtP-WpN7,qrcodes\Xz8J-XZZ7-MBtP-WpN7_A0163.png
A0164,Y5SK-9pfJ-exgG-sxd3,qrcodes\Y5SK-9pfJ-exgG-sxd3_A0164.png
A0165,YC65-we8r-5xvp-q4uK,qrcodes\YC65-we8r-5xvp-q4uK_A0165.png
A0166,YFmb-WMDU-asUk-vQdM,qrcodes\YFmb-WMDU-asUk-vQdM_A0166.png
A0167,Yk7M-747W-qf9L-razx,qrcodes\Yk7M-747W-qf9L-razx_A0167.png
A0168,Z4XS-mLDc-HzYY-WcZ5,qrcodes\Z4XS-mLDc-HzYY-WcZ5_A0168.png
A0169,ZYj5-Bzqu-uYPW-m8MQ,qrcodes\ZYj5-Bzqu-uYPW-m8MQ_A0169.png
A0170,ZjnD-PEfL-Nexb-wGzG,qrcodes\ZjnD-PEfL-Nexb-wGzG_A0170.png
A0171,ZrJb-6SS2-jRqu-c2aY,qrcodes\ZrJb-6SS2-jRqu-c2aY_A0171.png
A0172,a4uP-WHNH-PPAA-3Uct,qrcodes\a4uP-WHNH-PPAA-3Uct_A0172.png
A0173,aC7C-vAqG-FnSA-sk9y,qrcodes\aC7C-vAqG-FnSA-sk9y_A0173.png
A0174,aKFy-SYfS-mmm2-qPPf,qrcodes\aKFy-SYfS-mmm2-qPPf_A0174.png
A0175,aMvZ-JCaF-fg9B-dsgN,qrcodes\aMvZ-JCaF-fg9B-dsgN_A0175.png
A0176,aPqW-enyp-HC5X-5HQ9,qrcodes\aPqW-enyp-HC5X-5HQ9_A0176.png
A0177,aedp-rjnA-rkKb-GxjP,qrcodes\aedp-rjnA-rkKb-GxjP_A0177.png
A0178,ar3M-GJ4e-TEee-mBv9,qrcodes\ar3M-GJ4e-TEee-mBv9_A0178.png
A0179,b5Ht-S5mT-xbBM-TVLT,qrcodes\b5Ht-S5mT-xbBM-TVLT_A0179.png
A0180,b7Uh-d6mp-Fk2r-s8QX,qrcodes\b7Uh-d6mp-Fk2r-s8QX_A0180.png
A0181,bPyW-cea8-gHKc-FHeD,qrcodes\bPyW-cea8-gHKc-FHeD_A0181.png
A0182,bRa9-dVCm-RgUT-w7NM,qrcodes\bRa9-dVCm-RgUT-w7NM_A0182.png
A0183,bdEF-7fpJ-G48A-QzsT,qrcodes\bdEF-7fpJ-G48A-QzsT_A0183.png
A0184,bfKa-YZEC-E9tX-DWv8,qrcodes\bfKa-YZEC-E9tX-DWv8_A0184.png
A0185,bsVN-zTzg-qhUs-rRES,qrcodes\bsVN-zTzg-qhUs-rRES_A0185.png
A0186,bvQr-GJEc-KsyN-FYLb,qrcodes\bvQr-GJEc-KsyN-FYLb_A0186.png
A0187,c4Lv-YXVs-xKBT-dNG8,qrcodes\c4Lv-YXVs-xKBT-dNG8_A0187.png
A0188,c4mt-Rm77-aB4b-zb64,qrcodes\c4mt-Rm77-aB4b-zb64_A0188.png
A0189,cSts-mTaR-VAsK-NZpZ,qrcodes\cSts-mTaR-VAsK-NZpZ_A0189.png
A0190,cXKF-Kj3G-ZEdj-FWsv,qrcodes\cXKF-Kj3G-ZEdj-FWsv_A0190.png
A0191,cpQT-Ut37-vK7g-vMRP,qrcodes\cpQT-Ut37-vK7g-vMRP_A0191.png
A0192,cyYK-QrfW-Zahx-gw4z,qrcodes\cyYK-QrfW-Zahx-gw4z_A0192.png
A0193,dTBt-ndd3-mxew-qKw4,qrcodes\dTBt-ndd3-mxew-qKw4_A0193.png
A0194,dbdG-kqCU-4QGF-RpSF,qrcodes\dbdG-kqCU-4QGF-RpSF_A0194.png
A0195,dkW8-Wzvu-dCTU-R6JN,qrcodes\dkW8-Wzvu-dCTU-R6JN_A0195.png
A0196,e7rH-3vyU-QxXy-vSX5,qrcodes\e7rH-3vyU-QxXy-vSX5_A0196.png
A0197,eBDn-SU8E-aQQm-yzXZ,qrcodes\eBDn-SU8E-aQQm-yzXZ_A0197.png
A0198,eKEL-QFJT-MZkr-4nff,qrcodes\eKEL-QFJT-MZkr-4nff_A0198.png
A0199,eTt5-G2SD-6VPc-yFXG,qrcodes\eTt5-G2SD-6VPc-yFXG_A0199.png
A0200,eWZm-SMFx-jkqP-9rxN,qrcodes\eWZm-SMFx-jkqP-9rxN_A0200.png
A0201,efCG-udAz-sLx2-tb2L,qrcodes\efCG-udAz-sLx2-tb2L_A0201.png
A0202,fVGu-KPpa-cnvM-mZDV,qrcodes\fVGu-KPpa-cnvM-mZDV_A0202.png
A0203,ff7u-MBVg-68ux-fuzM,qrcodes\ff7u-MBVg-68ux-fuzM_A0203.png
A0204,gBYS-q7kT-qDQx-wF9B,qrcodes\gBYS-q7kT-qDQx-wF9B_A0204.png
A0205,gGjm-TZM6-uDvw-KUgA,qrcodes\gGjm-TZM6-uDvw-KUgA_A0205.png
A0206,gTPp-f7e9-UfKk-RAXP,qrcodes\gTPp-f7e9-UfKk-RAXP_A0206.png
A0207,gsDX-58Wx-LQjX-kMFH,qrcodes\gsDX-58Wx-LQjX-kMFH_A0207.png
A0208,gsvS-XgaY-MGME-amLw,qrcodes\gsvS-XgaY-MGME-amLw_A0208.png
A0209,h9pS-6KTt-jeBg-NsZs,qrcodes\h9pS-6KTt-jeBg-NsZs_A0209.png
A0210,hDAt-wZvZ-taeb-eT2m,qrcodes\hDAt-wZvZ-taeb-eT2m_A0210.png
A0211,hDwf-ajyU-BZgy-tUqV,qrcodes\hDwf-ajyU-BZgy-tUqV_A0211.png
A0212,hVxH-AuBz-3Gjx-Exea,qrcodes\hVxH-AuBz-3Gjx-Exea_A0212.png
A0213,hrpw-F4MR-LGT7-jF92,qrcodes\hrpw-F4MR-LGT7-jF92_A0213.png
A0214,hxs6-vh4j-B8eX-ee2b,qrcodes\hxs6-vh4j-B8eX-ee2b_A0214.png
A0215,hzCY-zCVJ-gWv9-FLxC,qrcodes\hzCY-zCVJ-gWv9-FLxC_A0215.png
A0216,j4RS-Mcrm-M72r-f5Xb,qrcodes\j4RS-Mcrm-M72r-f5Xb_A0216.png
A0217,jjMs-naPj-Abqu-eLWj,qrcodes\jjMs-naPj-Abqu-eLWj_A0217.png
A0218,k2PP-ELAm-jx4Z-2nRa,qrcodes\k2PP-ELAm-jx4Z-2nRa_A0218.png
A0219,kHdA-FVTg-LjcX-W869,qrcodes\kHdA-FVTg-LjcX-W869_A0219.png
A0220,kWFH-RkDE-gvEU-zLVt,qrcodes\kWFH-RkDE-gvEU-zLVt_A0220.png
A0221,kdQg-dcCf-qKZe-uAeX,qrcodes\kdQg-dcCf-qKZe-uAeX_A0221.png
A0222,kewn-Lc76-36PQ-uwzZ,qrcodes\kewn-Lc76-36PQ-uwzZ_A0222.png
A0223,kf46-zJYW-UBuR-ZkyM,qrcodes\kf46-zJYW-UBuR-ZkyM_A0223.png
A0224,krGz-ujZR-u9bM-HaUU,qrcodes\krGz-ujZR-u9bM-HaUU_A0224.png
A0225,m3CF-BPry-PNjv-gjDy,qrcodes\m3CF-BPry-PNjv-gjDy_A0225.png
A0226,mFfD-eyX3-5A6h-Zy3G,qrcodes\mFfD-eyX3-5A6h-Zy3G_A0226.png
A0227,mZL8-YqYd-tAeY-8w98,qrcodes\mZL8-YqYd-tAeY-8w98_A0227.png
A0228,mnKE-M4e7-H4Z4-A9Gx,qrcodes\mnKE-M4e7-H4Z4-A9Gx_A0228.png
A0229,myzX-3fK2-WYPx-vEjW,qrcodes\myzX-3fK2-WYPx-vEjW_A0229.png
A0230,n8Ek-FfA4-3eZz-CzH2,qrcodes\n8Ek-FfA4-3eZz-CzH2_A0230.png
A0231,nNfp-zrAM-XqTP-re2Q,qrcodes\nNfp-zrAM-XqTP-re2Q_A0231.png
A0232,nPPa-H8JA-k6ce-Gu9C,qrcodes\nPPa-H8JA-k6ce-Gu9C_A0232.png
A0233,nSur-3bbS-Ytrj-j9cU,qrcodes\nSur-3bbS-Ytrj-j9cU_A0233.png
A0234,ndCt-nvaw-ZdRJ-5h2U,qrcodes\ndCt-nvaw-ZdRJ-5h2U_A0234.png
A0235,ndKs-AT6a-LAkn-HLkK,qrcodes\ndKs-AT6a-LAkn-HLkK_A0235.png
A0236,nuWw-9wFY-UpVY-RNa6,qrcodes\nuWw-9wFY-UpVY-RNa6_A0236.png
A0237,p5zv-vRKu-CtRC-DWff,qrcodes\p5zv-vRKu-CtRC-DWff_A0237.png
A0238,p7kt-XCz7-EHPT-8r6c,qrcodes\p7kt-XCz7-EHPT-8r6c_A0238.png
A0239,pLGC-jqLd-fH5c-C52q,qrcodes\pLGC-jqLd-fH5c-C52q_A0239.png
A0240,pPMY-jx8C-ShTT-9nnc,qrcodes\pPMY-jx8C-ShTT-9nnc_A0240.png
A0241,pPkg-SjNH-U3Ln-sD2r,qrcodes\pPkg-SjNH-U3Ln-sD2r_A0241.png
A0242,pbjg-HbR3-haNg-AQLJ,qrcodes\pbjg-HbR3-haNg-AQLJ_A0242.png
A0243,q9KU-aHg5-WxVk-fhDE,qrcodes\q9KU-aHg5-WxVk-fhDE_A0243.png
A0244,qJnJ-9KJ8-gXzU-QZAD,qrcodes\qJnJ-9KJ8-gXzU-QZAD_A0244.png
A0245,qdeu-eRbf-jYNe-vuNx,qrcodes\qdeu-eRbf-jYNe-vuNx_A0245.png
A0246,qmGz-nYjb-PaJt-jTTq,qrcodes\qmGz-nYjb-PaJt-jTTq_A0246.png
A0247,r6N3-3pJ6-zfFy-YYB7,qrcodes\r6N3-3pJ6-zfFy-YYB7_A0247.png
A0248,rpmZ-qRdv-bf5K-QJKL,qrcodes\rpmZ-qRdv-bf5K-QJKL_A0248.png
A0249,rptk-ZUZA-BAR8-jrJK,qrcodes\rptk-ZUZA-BAR8-jrJK_A0249.png
A0250,sDys-5S8v-Jzn8-yaNE,qrcodes\sDys-5S8v-Jzn8-yaNE_A0250.png
A0251,scJT-4XMR-AcYg-zcQH,qrcodes\scJT-4XMR-AcYg-zcQH_A0251.png
A0252,srpj-NUT3-cfuG-Nqbk,qrcodes\srpj-NUT3-cfuG-Nqbk_A0252.png
A0253,t3z8-DZTg-wEFx-RrBu,qrcodes\t3z8-DZTg-wEFx-RrBu_A0253.png
A0254,ta5N-7tAb-jgCU-E6Kx,qrcodes\ta5N-7tAb-jgCU-E6Kx_A0254.png
A0255,tnfx-RKSm-yZSR-dhFT,qrcodes\tnfx-RKSm-yZSR-dhFT_A0255.png
A0256,u5cF-bCc5-ExWG-wqVW,qrcodes\u5cF-bCc5-ExWG-wqVW_A0256.png
A0257,u6sH-nv2Q-gEYM-pk97,qrcodes\u6sH-nv2Q-gEYM-pk97_A0257.png
A0258,uHTJ-dY7C-3vbU-66er,qrcodes\uHTJ-dY7C-3vbU-66er_A0258.png
A0259,uK2j-tzt5-5nF7-qpaz,qrcodes\uK2j-tzt5-5nF7-qpaz_A0259.png
A0260,uL2H-JwW6-SKHa-68gw,qrcodes\uL2H-JwW6-SKHa-68gw_A0260.png
A0261,uRxP-eEfH-r4ju-CVBZ,qrcodes\uRxP-eEfH-r4ju-CVBZ_A0261.png
A0262,uSLM-K4CB-58Vk-WZ5L,qrcodes\uSLM-K4CB-58Vk-WZ5L_A0262.png
A0263,vLhU-awkk-QXWG-VRs4,qrcodes\vLhU-awkk-QXWG-VRs4_A0263.png
A0264,vNuE-MKww-bk9A-fhQQ,qrcodes\vNuE-MKww-bk9A-fhQQ_A0264.png
A0265,vURb-qtbH-D5Vm-3CJE,qrcodes\vURb-qtbH-D5Vm-3CJE_A0265.png
A0266,vWdh-aEEs-REZ4-HkYK,qrcodes\vWdh-aEEs-REZ4-HkYK_A0266.png
A0267,vfeD-64R5-fNMr-ZGnG,qrcodes\vfeD-64R5-fNMr-ZGnG_A0267.png
A0268,vnkZ-teLS-K3vm-krhC,qrcodes\vnkZ-teLS-K3vm-krhC_A0268.png
A0269,vspS-3z3d-ttrF-5B6U,qrcodes\vspS-3z3d-ttrF-5B6U_A0269.png
A0270,vzsr-QfJx-wPfJ-dKUj,qrcodes\vzsr-QfJx-wPfJ-dKUj_A0270.png
A0271,wAEA-m5Er-54mc-Xnp4,qrcodes\wAEA-m5Er-54mc-Xnp4_A0271.png
A0272,wjpc-d4ND-sTFE-bCeH,qrcodes\wjpc-d4ND-sTFE-bCeH_A0272.png
A0273,wyf9-nexD-D9bq-wD6w,qrcodes\wyf9-nexD-D9bq-wD6w_A0273.png
A0274,x4Ve-kmdy-r7Tc-vXrm,qrcodes\x4Ve-kmdy-r7Tc-vXrm_A0274.png
A0275,xGbA-YUFc-LVdQ-HvWL,qrcodes\xGbA-YUFc-LVdQ-HvWL_A0275.png
A0276,xhKG-nFHD-pVnG-8PN2,qrcodes\xhKG-nFHD-pVnG-8PN2_A0276.png
A0277,xqpe-VWSD-bRW3-AVdY,qrcodes\xqpe-VWSD-bRW3-AVdY_A0277.png
A0278,xx8t-2rXY-9cVd-sJTM,qrcodes\xx8t-2rXY-9cVd-sJTM_A0278.png
A0279,y9Y7-kXsx-Dqwy-4m4h,qrcodes\y9Y7-kXsx-Dqwy-4m4h_A0279.png
A0280,yFAV-a2Am-8WLL-v9z8,qrcodes\yFAV-a2Am-8WLL-v9z8_A0280.png
A0281,yP89-CZ6Z-wZw5-ueSw,qrcodes\yP89-CZ6Z-wZw5-ueSw_A0281.png
A0282,yRr5-6HgM-mEhy-RdAp,qrcodes\yRr5-6HgM-mEhy-RdAp_A0282.png
A0283,yUAa-tMtt-vJgN-tHVa,qrcodes\yUAa-tMtt-vJgN-tHVa_A0283.png
A0284,yWDF-zkRt-JmZK-zxa5,qrcodes\yWDF-zkRt-JmZK-zxa5_A0284.png
A0285,ya6d-gzgw-fWyf-sZnQ,qrcodes\ya6d-gzgw-fWyf-sZnQ_A0285.png
A0286,yjh2-8HXL-VAS9-Ma8z,qrcodes\yjh2-8HXL-VAS9-Ma8z_A0286.png
A0287,yqj4-zxfm-ZVaM-sMKf,qrcodes\yqj4-zxfm-ZVaM-sMKf_A0287.png
A0288,yxr6-b4Bg-LKMy-PPrk,qrcodes\yxr6-b4Bg-LKMy-PPrk_A0288.png
A0289,z7Ze-bWd9-AuYS-pnBU,qrcodes\z7Ze-bWd9-AuYS-pnBU_A0289.png
A0290,zBkm-str8-DHeg-yREv,qrcodes\zBkm-str8-DHeg-yREv_A0290.png
A0291,zF7e-TeBM-r8Ec-4GQs,qrcodes\zF7e-TeBM-r8Ec-4GQs_A0291.png
A0292,zHf7-At77-cw9h-hgCG,qrcodes\zHf7-At77-cw9h-hgCG_A0292.png
A0293,zLzR-kgHe-gSkw-Z5JA,qrcodes\zLzR-kgHe-gSkw-Z5JA_A0293.png
A0294,zNSm-Lk3p-sdRV-advq,qrcodes\zNSm-Lk3p-sdRV-advq_A0294.png
A0295,zYLJ-AzFX-6Pr8-AQxm,qrcodes\zYLJ-AzFX-6Pr8-AQxm_A0295.png
A0296,zZrh-ptJy-9UXj-S3Wd,qrcodes\zZrh-ptJy-9UXj-S3Wd_A0296.png
A0297,za95-CdCy-Q4kK-nLpn,qrcodes\za95-CdCy-Q4kK-nLpn_A0297.png
A0298,zaeg-vxXg-NQr6-YW3j,qrcodes\zaeg-vxXg-NQr6-YW3j_A0298.png
A0299,ztB2-MTRp-HxFy-W6CS,qrcodes\ztB2-MTRp-HxFy-W6CS_A0299.png
A0300,zzdu-T5ha-uwsB-DaDX,qrcodes\zzdu-T5ha-uwsB-DaDX_A0300.png
